Article URL,Has HelpScout Images
https://docs.gravitykit.com/article/256-gravity-forms-import-entries
https://docs.gravitykit.com/article/398-how-to-calculate-the-sum-of-a-field-in-gravity-forms
https://docs.gravitykit.com/article/295-math-shortcode
https://docs.gravitykit.com/article/257-formatting-guide-csv-import
https://docs.gravitykit.com/article/416-quickly-edit-entries-in-gravity-forms
https://docs.gravitykit.com/article/371-calculations-in-gravityview
https://docs.gravitykit.com/article/485-email-notify-entries-updated-gravity-forms
https://docs.gravitykit.com/article/258-exporting-a-csv-from-excel
https://docs.gravitykit.com/article/473-exporting-a-csv-from-google-sheets
https://docs.gravitykit.com/article/414-inline-edit-filters
https://docs.gravitykit.com/article/650-creating-a-calendar
https://docs.gravitykit.com/article/483-entry-revisions-hooks
https://docs.gravitykit.com/article/651-displaying-a-calendar
https://docs.gravitykit.com/article/422-enable-inline-edit-for-gravityview
https://docs.gravitykit.com/article/431-can-i-use-gvmath-with-gvlogic
https://docs.gravitykit.com/article/396-formatting-dates-for-gravity-forms-in-microsoft-excel
https://docs.gravitykit.com/article/625-skip-field-validation
https://docs.gravitykit.com/article/502-inline-edit-gravity-forms-actions-on-update
https://docs.gravitykit.com/article/418-inline-edit-enable-editing
https://docs.gravitykit.com/article/278-allow-for-non-standard-imported-values-for-checkbox-fields
https://docs.gravitykit.com/article/580-how-to-target-a-specific-field-value-with-gvmath-filters
https://docs.gravitykit.com/article/608-import-step-upload-csv
https://docs.gravitykit.com/article/531-import-csv-to-gravity-forms-with-import-entries-2-0
https://docs.gravitykit.com/article/373-insert-calculations-into-post-content
https://docs.gravitykit.com/article/479-gravity-foms-revert-changes-to-entry
https://docs.gravitykit.com/article/260-how-to-trigger-notifications-for-imported-entries
https://docs.gravitykit.com/article/403-sorry-this-file-type-is-not-permitted-for-security-reasons
https://docs.gravitykit.com/article/615-exporting-and-importing-list-fields
https://docs.gravitykit.com/article/632-gvmath-with-multiple-forms
https://docs.gravitykit.com/article/750-how-to-add-field-calculations-to-the-table-footer
https://docs.gravitykit.com/article/754-entry-count-merge-tag
https://docs.gravitykit.com/article/420-inline-edit-what-field-types-are-supported
https://docs.gravitykit.com/article/372-debugging-calculations
https://docs.gravitykit.com/article/478-entry-revision-merge-tags
https://docs.gravitykit.com/article/620-entry-importer-developer-hooks
https://docs.gravitykit.com/article/595-updating-existing-entries-import-entries
https://docs.gravitykit.com/article/610-import-step-continue-processing-if-error-occurs
https://docs.gravitykit.com/article/605-create-new-gravity-form-csv
https://docs.gravitykit.com/article/787-getting-started-with-gravityexport
https://docs.gravitykit.com/article/756-gravity-forms-duration-calculations
https://docs.gravitykit.com/article/633-gvmath-dates-and-times
https://docs.gravitykit.com/article/274-naming-your-field-columns
https://docs.gravitykit.com/article/481-track-changes-to-a-gravity-forms-form
https://docs.gravitykit.com/article/586-display-entry-revisions
https://docs.gravitykit.com/article/474-exporting-a-csv-from-libreoffice
https://docs.gravitykit.com/article/604-add-new-field-during-import
https://docs.gravitykit.com/article/799-getting-started-with-gravityactions
https://docs.gravitykit.com/article/669-no-current-events
https://docs.gravitykit.com/article/612-importing-list-fields
https://docs.gravitykit.com/article/812-calendar-developer-hooks
https://docs.gravitykit.com/article/500-inline-edit-limit-editable-fields
https://docs.gravitykit.com/article/681-modifying-a-single-event
https://docs.gravitykit.com/article/613-importing-list-fields-into-a-new-form
https://docs.gravitykit.com/article/732-does-gravity-forms-import-entries-support-importing-nested-form-fields
https://docs.gravitykit.com/article/781-creating-filter-sets-in-gravityexport
https://docs.gravitykit.com/article/472-exporting-a-csv-from-apple-numbers
https://docs.gravitykit.com/article/721-inline-edit-column-edit-mode-bulk-editing
https://docs.gravitykit.com/article/757-pricing-fields-calculation
https://docs.gravitykit.com/article/758-calculating-survey-fields-totals-based-on-their-scoring
https://docs.gravitykit.com/article/770-linking-an-event-to-a-single-entry-page
https://docs.gravitykit.com/article/826-how-to-enable-or-disable-gravityedit-per-field
https://docs.gravitykit.com/article/786-how-is-gravityexport-lite-different-from-gravityexport
https://docs.gravitykit.com/article/785-gravityexport-faq
https://docs.gravitykit.com/article/779-can-i-book-an-appointment-with-the-gravity-forms-calendar-extension
https://docs.gravitykit.com/article/656-row-1-id-does-not-exist-for-form-error
https://docs.gravitykit.com/article/841-getting-started-with-gravitycharts
https://docs.gravitykit.com/article/755-time-calculations-in-gravity-forms
https://docs.gravitykit.com/article/736-importing-dates-in-utc-timezone
https://docs.gravitykit.com/article/553-import-csv-front-end
https://docs.gravitykit.com/article/480-recover-gravity-forms-changes
https://docs.gravitykit.com/article/571-how-to-enable-pre-release-versions-of-import-entries
https://docs.gravitykit.com/article/606-configure-entry-importer
https://docs.gravitykit.com/article/738-how-to-process-shortcodes-contained-within-fields-used-by-the-calendar
https://docs.gravitykit.com/article/591-importing-post-fields
https://docs.gravitykit.com/article/713-import-entries-error-prevents-continuing
https://docs.gravitykit.com/article/609-import-step-where-would-you-like-to-import-the-entries
https://docs.gravitykit.com/article/617-assigning-entries-to-users-during-import
https://docs.gravitykit.com/article/830-calendar-blocks
https://docs.gravitykit.com/article/611-map-csv-to-form-fields
https://docs.gravitykit.com/article/777-inline-edit-revisions
https://docs.gravitykit.com/article/805-styling-pdf-files
https://docs.gravitykit.com/article/637-arguments-not-allowed-here-restroute
https://docs.gravitykit.com/article/641-entry-revisions-notifications-for-deleted-entries
https://docs.gravitykit.com/article/607-import-step-choose-a-form-for-this-import
https://docs.gravitykit.com/article/778-connecting-dropbox-to-gravityexport
https://docs.gravitykit.com/article/682-determine-if-entry-is-revision
https://docs.gravitykit.com/article/831-calendar-shortcodes
https://docs.gravitykit.com/article/814-calendar-week-start
https://docs.gravitykit.com/article/782-connecting-ftp-to-gravityexport
https://docs.gravitykit.com/article/853-how-to-display-summaries-using-gvmath
https://docs.gravitykit.com/article/839-chart-types-in-gravitycharts
https://docs.gravitykit.com/article/847-type-of-fields-allowed-as-data-source-on-a-chart
https://docs.gravitykit.com/article/780-change-the-file-format-by-adding-the-file-extension-to-the-url
https://docs.gravitykit.com/article/829-subscribing-vs-downloading
https://docs.gravitykit.com/article/749-developer-hooks-for-math-by-gravityview
https://docs.gravitykit.com/article/850-gravitycharts-shortcode
https://docs.gravitykit.com/article/840-how-to-embed-charts-on-your-website
https://docs.gravitykit.com/article/842-chart-design-and-styling
https://docs.gravitykit.com/article/634-import-entries-limit
https://docs.gravitykit.com/article/811-gravityactions-show-hidden-inputs
https://docs.gravitykit.com/article/823-my-calendar-isnt-displaying
https://docs.gravitykit.com/article/843-adding-a-gravitycharts-widget-to-gravityview
https://docs.gravitykit.com/article/809-modify-what-fields-are-shown
https://docs.gravitykit.com/article/857-gravitycharts-merge-tag
https://docs.gravitykit.com/article/848-how-to-trigger-form-notifications-when-editing-with-gravityedit
https://docs.gravitykit.com/article/854-image-charts
https://docs.gravitykit.com/article/855-customizing-image-charts
https://docs.gravitykit.com/article/644-importing-passwords
https://docs.gravitykit.com/article/900-nested-calculations
https://docs.gravitykit.com/article/769-change-csv-delimiter
https://docs.gravitykit.com/article/802-bulk-edit-old-field-data
https://docs.gravitykit.com/article/899-displaying-events-from-another-calendar
https://docs.gravitykit.com/article/825-capabilities-necessary-to-import-entries
https://docs.gravitykit.com/article/844-adding-a-new-color-palette
https://docs.gravitykit.com/article/801-bulk-edit-step-what-are-these-fields
https://docs.gravitykit.com/article/886-restarting-a-gravity-flow-workflow-after-editing-a-field-with-gravityedit
https://docs.gravitykit.com/article/893-adding-a-download-button-for-entries-in-gravityview
https://docs.gravitykit.com/article/864-how-to-log-the-user-that-modified-the-entry
https://docs.gravitykit.com/article/888-attaching-an-entry-export-to-a-notification-using-gravityexport-lite
https://docs.gravitykit.com/article/885-support-for-recurring-events
https://docs.gravitykit.com/article/907-trigger-manual-export
https://docs.gravitykit.com/article/800-message-when-uploading-plugin
https://docs.gravitykit.com/article/905-enable-multi-row-splitting-setting
https://docs.gravitykit.com/article/813-getting-started-with-gravityexport
https://docs.gravitykit.com/article/880-import-has-finished-with-errors-http-404
https://docs.gravitykit.com/article/908-reprocess-gravityexport-feed
https://docs.gravitykit.com/article/906-field-types-not-yet-supported-by-gravityactions
https://docs.gravitykit.com/article/909-when-to-use-gravitymath-and-gp-advanced-calculations
https://docs.gravitykit.com/article/890-how-to-restrict-access-to-import-entries
https://docs.gravitykit.com/article/912-error-server-returned-an-empty-response
https://docs.gravitykit.com/article/917-gravityimport-support-for-gravity-forms-add-ons
https://docs.gravitykit.com/article/797-redirect-to-gravityview
https://docs.gravitykit.com/article/914-restarting-a-gravity-flow-workflow-after-import
https://docs.gravitykit.com/article/872-trigger-manual-export
https://docs.gravitykit.com/article/77-user-edit-allow-users-to-edit-their-own-entries
https://docs.gravitykit.com/article/67-configuring-the-edit-entry-screen
https://docs.gravitykit.com/article/73-using-the-shortcode
https://docs.gravitykit.com/article/296-redirecting-to-the-multiple-entries-screen-after-editing-an-entry
https://docs.gravitykit.com/article/252-gvlogic-shortcode
https://docs.gravitykit.com/article/111-using-the-custom-content-field
https://docs.gravitykit.com/article/63-css-guide
https://docs.gravitykit.com/article/64-overriding-gravityview-templates
https://docs.gravitykit.com/article/287-gv-entry-link
https://docs.gravitykit.com/article/70-linking-to-a-single-entry
https://docs.gravitykit.com/article/247-create-a-gallery
https://docs.gravitykit.com/article/76-merge-tags
https://docs.gravitykit.com/article/107-passing-a-field-value-from-the-view-to-a-form-on-another-page
https://docs.gravitykit.com/article/89-why-are-my-entries-not-visible
https://docs.gravitykit.com/article/88-approving-or-rejecting-entries-in-gravityview
https://docs.gravitykit.com/article/424-listing-entries-assigned-to-a-specific-user
https://docs.gravitykit.com/article/331-date-created-merge-tag
https://docs.gravitykit.com/article/281-the-createdby-merge-tag
https://docs.gravitykit.com/article/224-how-to-embed-entries
https://docs.gravitykit.com/article/210-where-to-put-code-samples
https://docs.gravitykit.com/article/57-customizing-urls
https://docs.gravitykit.com/article/52-modifying-the-entries-displayed-in-a-view
https://docs.gravitykit.com/article/189-configuring-the-search-bar
https://docs.gravitykit.com/article/213-gravityview-logging-tools
https://docs.gravitykit.com/article/246-adding-custom-css-to-your-website
https://docs.gravitykit.com/article/273-shortening-the-displayed-url-in-a-website-field
https://docs.gravitykit.com/article/369-adding-a-pdf-download-link-in-a-view
https://docs.gravitykit.com/article/449-displaying-fields-conditionally
https://docs.gravitykit.com/article/245-editable-post-fields
https://docs.gravitykit.com/article/272-adding-custom-css-classes-to-fields-or-widgets
https://docs.gravitykit.com/article/380-how-to-setup-your-first-view
https://docs.gravitykit.com/article/417-creating-an-edit-your-profile-link
https://docs.gravitykit.com/article/314-the-get-merge-tag
https://docs.gravitykit.com/article/53-displaying-the-text-label-not-the-value-of-a-dropdown-field
https://docs.gravitykit.com/article/390-entry-approval
https://docs.gravitykit.com/article/311-gravityview-capabilities
https://docs.gravitykit.com/article/490-entry-approval-gravity-forms
https://docs.gravitykit.com/article/106-adding-a-print-button-to-the-entry
https://docs.gravitykit.com/article/86-restrict-view-content-to-members
https://docs.gravitykit.com/article/79-using-relative-start-dates-and-end-dates
https://docs.gravitykit.com/article/58-about-gravityview-caching
https://docs.gravitykit.com/article/222-the-wordpress-search-widget
https://docs.gravitykit.com/article/350-merge-tag-modifiers
https://docs.gravitykit.com/article/491-csv-export
https://docs.gravitykit.com/article/96-modifying-capabilities-shown-in-the-field-only-visible-to-dropdown
https://docs.gravitykit.com/article/468-rest-api
https://docs.gravitykit.com/article/291-how-to-allow-a-user-to-edit-all-entries
https://docs.gravitykit.com/article/74-sorting-results-by-field-value
https://docs.gravitykit.com/article/589-styling-gravity-forms
https://docs.gravitykit.com/article/375-removing-column-headings-from-the-bottom-of-the-tables
https://docs.gravitykit.com/article/121-changing-the-single-entry-page-title
https://docs.gravitykit.com/article/212-modifying-the-output-of-the-edit-entry-form
https://docs.gravitykit.com/article/177-using-gfchart-with-gravityview
https://docs.gravitykit.com/article/411-pre-filtering-results-on-a-view
https://docs.gravitykit.com/article/279-how-does-gravityview-work-with-gravity-forms-save-and-continue
https://docs.gravitykit.com/article/316-redirecting-to-a-newly-created-gravity-forms-entry
https://docs.gravitykit.com/article/229-modifying-date-time-or-entry-date-field-formats
https://docs.gravitykit.com/article/462-gvfield-embed-gravity-forms-field-values
https://docs.gravitykit.com/article/433-show-or-hide-content-on-your-site
https://docs.gravitykit.com/article/340-gravityview-hooks
https://docs.gravitykit.com/article/297-making-your-table-scroll-horizontally
https://docs.gravitykit.com/article/466-save-and-continue-partial-entries
https://docs.gravitykit.com/article/405-displaying-edit-entry-and-delete-entry-links-as-icons
https://docs.gravitykit.com/article/401-displaying-a-list-view-in-two-or-more-columns
https://docs.gravitykit.com/article/315-using-the-get-merge-tags-with-gvlogic-to-display-a-persons-name-in-a-custom-content-widget
https://docs.gravitykit.com/article/68-adding-views-to-wordpress-menus
https://docs.gravitykit.com/article/261-allowing-any-and-all-logged-in-user-to-edit-entries
https://docs.gravitykit.com/article/119-importing-and-exporting-configured-views
https://docs.gravitykit.com/article/463-gventry-shortcode
https://docs.gravitykit.com/article/407-calculating-a-persons-age-based-on-a-date-field
https://docs.gravitykit.com/article/230-enabling-the-table-column-sorting-feature
https://docs.gravitykit.com/article/66-configuring-delete-entry
https://docs.gravitykit.com/article/488-notification-when-entry-approved
https://docs.gravitykit.com/article/55-modifying-the-search-mode
https://docs.gravitykit.com/article/391-using-page-templates-with-gravityview
https://docs.gravitykit.com/article/179-enabling-custom-css-classes-for-gravityview-widgets
https://docs.gravitykit.com/article/69-installing-gravityview
https://docs.gravitykit.com/article/585-gravity-forms-integers
https://docs.gravitykit.com/article/72-working-with-field-labels
https://docs.gravitykit.com/article/244-how-to-modify-the-settings-for-the-post-content-edit-field
https://docs.gravitykit.com/article/367-conditional-logic-on-the-edit-entry-page
https://docs.gravitykit.com/article/248-hiding-the-approvereject-entry-column
https://docs.gravitykit.com/article/75-adding-pagination-for-results-nextprevious-page-links
https://docs.gravitykit.com/article/223-the-recent-entries-widget
https://docs.gravitykit.com/article/235-making-calculations-using-the-custom-content-field
https://docs.gravitykit.com/article/123-widget-shortcodes
https://docs.gravitykit.com/article/227-displaying-video-or-audio-links-as-a-player-using-the-custom-content-field
https://docs.gravitykit.com/article/115-changing-the-format-of-the-search-widgets-date-picker
https://docs.gravitykit.com/article/110-changing-the-creator-of-an-entry-in-gravity-forms
https://docs.gravitykit.com/article/105-duplicating-or-copying-a-view
https://docs.gravitykit.com/article/116-date-created-field-is-inaccurate
https://docs.gravitykit.com/article/399-can-i-display-multiple-views-on-the-same-page
https://docs.gravitykit.com/article/570-sorting-by-multiple-columns
https://docs.gravitykit.com/article/486-you-are-not-allowed-to-view-this-content
https://docs.gravitykit.com/article/406-editing-product-and-pricing-fields
https://docs.gravitykit.com/article/663-duplicate-an-entry
https://docs.gravitykit.com/article/313-the-views-list-on-the-dashboard
https://docs.gravitykit.com/article/51-modifying-the-text-displayed-when-there-are-no-entries
https://docs.gravitykit.com/article/412-currentpost-merge-tag
https://docs.gravitykit.com/article/678-edit-entry-hidden-fields-field-visibility
https://docs.gravitykit.com/article/426-placing-two-fields-side-by-side-in-the-same-column
https://docs.gravitykit.com/article/400-what-are-the-differences-between-the-view-types
https://docs.gravitykit.com/article/333-modifying-user-role-capabilities
https://docs.gravitykit.com/article/695-update-approval-status-php
https://docs.gravitykit.com/article/534-trigger-feeds-edit-entry
https://docs.gravitykit.com/article/404-adding-rtl-right-to-left-text-support-to-a-field
https://docs.gravitykit.com/article/228-removing-the-custom-content-when-the-merge-tag-is-empty
https://docs.gravitykit.com/article/90-embedding-two-shortcodes-on-the-same-post-or-page
https://docs.gravitykit.com/article/583-does-gravityview-support-gp-nested-forms-gravity-wiz-perk
https://docs.gravitykit.com/article/277-using-the-foobox-lightbox-plugin-instead-of-the-default
https://docs.gravitykit.com/article/397-how-to-display-the-true-location-of-file-uploads
https://docs.gravitykit.com/article/290-changing-column-width
https://docs.gravitykit.com/article/317-how-to-change-the-view-layout
https://docs.gravitykit.com/article/378-changing-the-orientation-of-a-pdf-from-portrait-to-landscape
https://docs.gravitykit.com/article/388-modifying-the-css-of-front-end-approval
https://docs.gravitykit.com/article/114-visual-composer-and-gravityview
https://docs.gravitykit.com/article/376-gventrylink-front-page
https://docs.gravitykit.com/article/309-the-update-button-isnt-showing-in-edit-entry
https://docs.gravitykit.com/article/676-entry-locking
https://docs.gravitykit.com/article/336-view-sorting-isnt-working
https://docs.gravitykit.com/article/122-how-can-i-display-a-list-of-my-views-on-my-site
https://docs.gravitykit.com/article/588-using-gvlogic-and-gvlogic2
https://docs.gravitykit.com/article/389-approvalstatus-merge-tag
https://docs.gravitykit.com/article/447-filtering-entries-by-wordpress-user-roles
https://docs.gravitykit.com/article/393-changing-the-entry-updated-return-to-entry-message
https://docs.gravitykit.com/article/717-understanding-how-an-entry-gets-associated-with-a-user
https://docs.gravitykit.com/article/303-linking-to-a-search
https://docs.gravitykit.com/article/734-getting-started-adding-fields-to-the-multiple-entries-and-single-entry-pages
https://docs.gravitykit.com/article/568-searching-by-entry-id
https://docs.gravitykit.com/article/178-using-the-search-bar-clear-button
https://docs.gravitykit.com/article/60-post-image-meta-information-title-caption-and-description-for-the-post-image-field
https://docs.gravitykit.com/article/288-how-gravityview-security-works
https://docs.gravitykit.com/article/113-gravityview-updates-arent-displaying
https://docs.gravitykit.com/article/429-display-issues-with-the-search-bar
https://docs.gravitykit.com/article/598-non-administrator-edit-view
https://docs.gravitykit.com/article/428-adding-a-link-to-a-column
https://docs.gravitykit.com/article/78-turning-off-the-show-search-bar-default-search-field
https://docs.gravitykit.com/article/701-show-choices-that-exist
https://docs.gravitykit.com/article/87-the-settings-box-is-hidden
https://docs.gravitykit.com/article/395-wpml
https://docs.gravitykit.com/article/374-changing-the-edit-entry-page-title
https://docs.gravitykit.com/article/56-disable-wrapping-images-with-a-link
https://docs.gravitykit.com/article/280-supported-themes
https://docs.gravitykit.com/article/59-modify-the-map-it-address-link
https://docs.gravitykit.com/article/421-making-entries-expire-after-a-certain-amount-of-time
https://docs.gravitykit.com/article/402-customizing-emails-sent-by-entry-notes
https://docs.gravitykit.com/article/529-gformprerender-filter-in-edit-entry
https://docs.gravitykit.com/article/705-view-settings-enable-lightbox-for-images
https://docs.gravitykit.com/article/664-modifying-search-bar-inputs
https://docs.gravitykit.com/article/62-changing-the-view-slug
https://docs.gravitykit.com/article/310-sort-doesnt-work-when-using-gravity-forms-encryption-plugins
https://docs.gravitykit.com/article/298-enable-views-to-be-hierarchical-parent-child
https://docs.gravitykit.com/article/226-enabling-no-conflict-mode
https://docs.gravitykit.com/article/536-how-to-hide-results-and-only-display-them-if-a-search-is-performed
https://docs.gravitykit.com/article/410-hiding-the-no-entries-match-your-request-message
https://docs.gravitykit.com/article/284-table-widths-arent-being-applied
https://docs.gravitykit.com/article/448-known-issue-when-editing-entries-that-have-conditional-calculations-the-result-may-be-incorrect
https://docs.gravitykit.com/article/675-duplicate-gravity-forms-entry
https://docs.gravitykit.com/article/729-can-i-use-gravityview-to-edit-custom-post-types
https://docs.gravitykit.com/article/640-changing-image-display-size
https://docs.gravitykit.com/article/563-is-it-also-possible-to-display-a-multi-page-form-in-edit-mode
https://docs.gravitykit.com/article/120-removing-filter-by-date-fields-from-the-search-form
https://docs.gravitykit.com/article/629-display-uploaded-files-as-links
https://docs.gravitykit.com/article/659-reserved-urls
https://docs.gravitykit.com/article/251-only-some-users-are-visible-the-change-entry-creator-dropdown
https://docs.gravitykit.com/article/97-changing-search-form-style-from-horizontal-to-vertical
https://docs.gravitykit.com/article/597-the-sequence-merge-tag
https://docs.gravitykit.com/article/259-cheatin-uh-message-is-displayed-when-editing-a-view
https://docs.gravitykit.com/article/112-forcing-numbers-to-sort-properly
https://docs.gravitykit.com/article/214-download-failed
https://docs.gravitykit.com/article/299-change-the-delete-entry-mode-from-delete-to-trash
https://docs.gravitykit.com/article/308-adding-disqus-comments-to-entries
https://docs.gravitykit.com/article/382-the-view-settings-meta-box
https://docs.gravitykit.com/article/518-gravity-forms-secure-file-locations
https://docs.gravitykit.com/article/94-merge-tags-arent-visible
https://docs.gravitykit.com/article/446-highlighting-entries-about-to-expire
https://docs.gravitykit.com/article/735-getting-started-choosing-a-form-and-a-view-layout
https://docs.gravitykit.com/article/522-preventing-views-and-entries-from-being-by-the-google-crawler-bot
https://docs.gravitykit.com/article/377-images-on-the-view-are-upside-down-rotated-or-flipped
https://docs.gravitykit.com/article/523-created-by-text-search
https://docs.gravitykit.com/article/456-prevent-gravityview-from-loading-its-css-styles
https://docs.gravitykit.com/article/435-add-claim-entry-functionality-in-gravityview
https://docs.gravitykit.com/article/65-showing-inactive-entries
https://docs.gravitykit.com/article/686-does-gravityview-work-with-workflows-made-by-gravity-flow
https://docs.gravitykit.com/article/440-is-gravityview-multisite-compatible-yes
https://docs.gravitykit.com/article/381-what-are-view-widgets-useful-for
https://docs.gravitykit.com/article/657-unapproving-edited-entries-automatically
https://docs.gravitykit.com/article/458-is-gravity-forms-the-same-thing-as-gravityview
https://docs.gravitykit.com/article/599-why-cant-i-edit-my-view
https://docs.gravitykit.com/article/533-how-to-display-all-entries-by-default
https://docs.gravitykit.com/article/231-how-to-disable-the-sorting-control-on-one-table-column
https://docs.gravitykit.com/article/679-checkbox-fields-csv
https://docs.gravitykit.com/article/724-are-views-responsive-on-mobile-devices
https://docs.gravitykit.com/article/95-license-is-shown-as-invalid
https://docs.gravitykit.com/article/93-i-want-to-translate-gravityview
https://docs.gravitykit.com/article/655-how-to-get-the-id-of-the-entry-on-edit-entry-page
https://docs.gravitykit.com/article/108-make-map-it-links-open-in-a-new-window
https://docs.gravitykit.com/article/5-shortcode-parameters
https://docs.gravitykit.com/article/385-adding-a-view-to-a-page-using-visual-composer
https://docs.gravitykit.com/article/498-gravityview-trial
https://docs.gravitykit.com/article/709-you-don-t-have-permission-to-edit-this-post
https://docs.gravitykit.com/article/707-view-settings-redirect-after-editing
https://docs.gravitykit.com/article/684-does-gravityview-work-with-ajax
https://docs.gravitykit.com/article/476-404-error-csv-endpoint
https://docs.gravitykit.com/article/453-activating-your-license
https://docs.gravitykit.com/article/619-display-entries-created-today
https://docs.gravitykit.com/article/752-how-to-conditionally-display-an-image-or-a-placeholder
https://docs.gravitykit.com/article/584-can-i-add-an-additional-status-to-the-approval-system
https://docs.gravitykit.com/article/61-disabling-the-create-a-view-menu
https://docs.gravitykit.com/article/700-how-does-gravityview-know-who-can-edit-the-entry
https://docs.gravitykit.com/article/91-enabling-no-conflict-mode
https://docs.gravitykit.com/article/714-how-to-search-for-an-exact-match
https://docs.gravitykit.com/article/761-modify-fancybox-lightbox-settings
https://docs.gravitykit.com/article/561-is-it-possible-to-output-the-save-and-continue-links-from-a-form-that-hasnt-been-submitted-yet
https://docs.gravitykit.com/article/526-does-gravityview-support-gutenberg
https://docs.gravitykit.com/article/538-my-view-widgets-are-not-showing-up-on-my-divi-theme
https://docs.gravitykit.com/article/653-creating-leaderboard
https://docs.gravitykit.com/article/667-edit-entry-multiple-pages
https://docs.gravitykit.com/article/567-search-bar-support-operators
https://docs.gravitykit.com/article/621-exporting-all-fields-to-csv
https://docs.gravitykit.com/article/552-can-we-display-entries-from-multiple-sites
https://docs.gravitykit.com/article/289-the-gravityview-settings-menu-isnt-visible
https://docs.gravitykit.com/article/564-is-it-possible-to-do-date-comparison-with-gvlogic
https://docs.gravitykit.com/article/457-what-caching-plugin-do-we-recommend
https://docs.gravitykit.com/article/489-managing-extensions
https://docs.gravitykit.com/article/658-setting-page-title-for-entries
https://docs.gravitykit.com/article/730-override-text
https://docs.gravitykit.com/article/312-how-to-delete-the-gravityview-data-when-the-plugin-is-uninstalled
https://docs.gravitykit.com/article/540-duplicate-entry-view
https://docs.gravitykit.com/article/392-completely-deleting-gravityview
https://docs.gravitykit.com/article/759-reserved-url-query-parameters
https://docs.gravitykit.com/article/549-redirect-after-delete
https://docs.gravitykit.com/article/232-the-gravityview-plugin-changelog
https://docs.gravitykit.com/article/683-track-pageviews-for-entries
https://docs.gravitykit.com/article/501-hide-settings-menu
https://docs.gravitykit.com/article/680-the-gventrylink-merge-tag
https://docs.gravitykit.com/article/630-will-gravityview-stop-working-if-i-dont-renew
https://docs.gravitykit.com/article/92-price-fields-and-numbers-being-sorted-alphabetically-not-numerically
https://docs.gravitykit.com/article/697-what-are-the-existing-layout-options-to-create-a-view
https://docs.gravitykit.com/article/618-custom-view-template-not-displaying
https://docs.gravitykit.com/article/768-styling-the-search-bar-widget
https://docs.gravitykit.com/article/547-field-description-on-a-view
https://docs.gravitykit.com/article/622-can-i-create-admin-pages
https://docs.gravitykit.com/article/767-styling-the-buttons-on-the-edit-entry-page
https://docs.gravitykit.com/article/824-how-to-automatically-approve-an-entry-when-submitting-the-form
https://docs.gravitykit.com/article/530-translation-string-loading-order
https://docs.gravitykit.com/article/685-does-gravityview-work-with-woocommerce
https://docs.gravitykit.com/article/577-sorting-by-name-isnt-working
https://docs.gravitykit.com/article/600-cloning-a-role
https://docs.gravitykit.com/article/556-math-extension-gravity-forms
https://docs.gravitykit.com/article/737-difference-between-using-custom-content-as-a-widget-or-as-a-field
https://docs.gravitykit.com/article/442-marking-an-entry-unread-after-it-is-edited
https://docs.gravitykit.com/article/649-changing-the-text-when-an-entry-is-pending-approval
https://docs.gravitykit.com/article/636-adding-a-percent-sign-to-a-column
https://docs.gravitykit.com/article/728-disable-user-registration-updates-editing-entry
https://docs.gravitykit.com/article/646-changing-image-size-multiple-entries
https://docs.gravitykit.com/article/723-does-gravityview-support-gravity-forms-survey-add-on
https://docs.gravitykit.com/article/124-how-to-delete-and-re-install-gravityview
https://docs.gravitykit.com/article/117-there-are-other-plugin-boxes-on-the-edit-view-screen
https://docs.gravitykit.com/article/628-disable-the-map-it-link
https://docs.gravitykit.com/article/109-single-entry-mode-doesnt-work-when-views-are-on-the-front-page-of-my-site
https://docs.gravitykit.com/article/434-encrypt-emails-is-checked-but-emails-are-still-readable
https://docs.gravitykit.com/article/623-which-gravity-forms-license
https://docs.gravitykit.com/article/654-adding-email-address-to-entry-notes
https://docs.gravitykit.com/article/464-gdpr-and-gravityview
https://docs.gravitykit.com/article/693-strange-display-issues-inside-the-view-editor
https://docs.gravitykit.com/article/733-how-to-rename-the-update-and-cancel-buttons-on-the-edit-entry-page
https://docs.gravitykit.com/article/816-renamed-filters-methods-in-2-14
https://docs.gravitykit.com/article/337-warning-no-such-file-or-directory
https://docs.gravitykit.com/article/790-what-is-this-grant-support-access-menu-on-gravityview
https://docs.gravitykit.com/article/867-all-about-the-view-container
https://docs.gravitykit.com/article/820-the-isstarred-merge-tag
https://docs.gravitykit.com/article/496-how-to-disable-the-support-port
https://docs.gravitykit.com/article/819-edit-entry-multi-page-forms
https://docs.gravitykit.com/article/645-admin-label-for-custom-content-fields
https://docs.gravitykit.com/article/808-does-gravityview-support-the-gf-dropbox-add-on
https://docs.gravitykit.com/article/666-disable-unfilteredhtml-requirement
https://docs.gravitykit.com/article/719-navigate-to-anchor-after-search
https://docs.gravitykit.com/article/631-edit-credit-card-fields
https://docs.gravitykit.com/article/815-how-to-prevent-an-approved-entry-from-being-edited
https://docs.gravitykit.com/article/760-disable-code-editor
https://docs.gravitykit.com/article/822-what-are-form-presets
https://docs.gravitykit.com/article/731-can-i-upgrade-my-license-later
https://docs.gravitykit.com/article/773-my-yoast-meta-box-is-blank
https://docs.gravitykit.com/article/827-search-changing-the-default-option-in-a-select-drop-down-field
https://docs.gravitykit.com/article/845-embedding-the-edit-entry-form-into-a-page-or-post
https://docs.gravitykit.com/article/836-stripe-customer-portal
https://docs.gravitykit.com/article/592-system-requirements
https://docs.gravitykit.com/article/849-how-to-guides-and-tutorials
https://docs.gravitykit.com/article/846-embedding-a-second-view-inside-the-single-entry-page
https://docs.gravitykit.com/article/772-reference-error-gvglobals-is-not-defined
https://docs.gravitykit.com/article/859-an-overview-of-shortcodes-added-by-gravityview
https://docs.gravitykit.com/article/861-why-is-my-view-slow-to-load
https://docs.gravitykit.com/article/818-search-bar-why-is-the-state-input-is-showing-as-a-text-field
https://docs.gravitykit.com/article/852-how-to-connect-gravityview-with-zapier-using-uncanny-automator
https://docs.gravitykit.com/article/860-creating-a-review-voting-system-by-embedding-a-form-into-a-single-entry
https://docs.gravitykit.com/article/891-using-shortcodes-inside-gravity-forms-notifications
https://docs.gravitykit.com/article/887-restarting-a-gravity-flow-workflow-after-editing-an-entry
https://docs.gravitykit.com/article/868-how-to-highlight-an-entry-from-a-specific-date
https://docs.gravitykit.com/article/892-modifying-the-go-back-link-to-avoid-losing-search-parameters
https://docs.gravitykit.com/article/851-exporting-forms-views-site
https://docs.gravitykit.com/article/863-how-to-display-the-last-submitted-entry-only
https://docs.gravitykit.com/article/871-file-uploads-cant-be-included-in-partial-entries
https://docs.gravitykit.com/article/807-disabling-conditional-logic-on-the-edit-entry-page
https://docs.gravitykit.com/article/904-entry-moderation-merge-tags
https://docs.gravitykit.com/article/902-gravity-flow-preserve-user-input-multiple-assignees
https://docs.gravitykit.com/article/895-pdf-download-link-using-gravity-pdf
https://docs.gravitykit.com/article/898-changing-the-labels-of-the-approval-statuses
https://docs.gravitykit.com/article/702-disable-duplicate-entry-gf
https://docs.gravitykit.com/article/894-the-update-button-on-the-edit-entry-page-is-missing
https://docs.gravitykit.com/article/915-embedding-views-entries-and-fields-using-blocks
https://docs.gravitykit.com/article/521-searching-by-entry-creator
https://docs.gravitykit.com/article/590-how-to-display-the-total-number-of-approved-entries
https://docs.gravitykit.com/article/866-search-bar-placeholder
https://docs.gravitykit.com/article/338-how-to-hide-the-search-parameters-from-the-url
https://docs.gravitykit.com/article/461-gventry-display-single-gravity-forms-entry
https://docs.gravitykit.com/article/593-displaying-entries-created-by-the-same-user
https://docs.gravitykit.com/article/596-display-result-number
https://docs.gravitykit.com/article/771-no-additional-capabilities-are-needed-when-creating-custom-user-roles
https://docs.gravitykit.com/article/211-opengraph-meta-tags-single-view-wordpress-seo-plugin
https://docs.gravitykit.com/article/626-google-maps-error-referernotallowedmaperror
https://docs.gravitykit.com/article/344-google-maps-api-warning-noapikeys
https://docs.gravitykit.com/article/203-how-to-show-only-results-submitted-by-the-current-user
https://docs.gravitykit.com/article/306-signing-up-for-a-google-maps-api-key
https://docs.gravitykit.com/article/200-how-to-customize-the-no-data-available-in-table-text
https://docs.gravitykit.com/article/201-how-to-disable-the-datatables-search-filter
https://docs.gravitykit.com/article/239-how-to-feature-an-entry-using-php
https://docs.gravitykit.com/article/307-signing-up-for-a-bing-maps-api-key
https://docs.gravitykit.com/article/204-how-do-i-feature-an-entry
https://docs.gravitykit.com/article/285-speed-up-ajax-requests
https://docs.gravitykit.com/article/205-how-do-i-change-the-design-of-a-featured-entry
https://docs.gravitykit.com/article/349-column-widths-responsive-tables
https://docs.gravitykit.com/article/528-getting-started-with-multiple-forms
https://docs.gravitykit.com/article/202-how-to-install-the-datatables-layout
https://docs.gravitykit.com/article/487-filter-relative-timeframe
https://docs.gravitykit.com/article/243-how-to-disable-the-loading-data-message
https://docs.gravitykit.com/article/198-the-use-this-field-to-filter-entries-setting
https://docs.gravitykit.com/article/300-how-can-i-use-the-latitude-and-longitude-form-fields-to-position-map-markers
https://docs.gravitykit.com/article/751-how-to-connect-two-forms-using-the-nested-forms-field-with-the-multiple-forms
https://docs.gravitykit.com/article/225-why-cant-i-see-the-fields-dropdown
https://docs.gravitykit.com/article/471-filtering-by-user-role
https://docs.gravitykit.com/article/304-setting-up-geocoding-services
https://docs.gravitykit.com/article/408-how-to-setup-ratings-and-reviews
https://docs.gravitykit.com/article/249-how-to-customize-the-csv-field-separator
https://docs.gravitykit.com/article/578-how-to-enable-the-responsive-tables-mode
https://docs.gravitykit.com/article/527-multiple-forms-strict-match
https://docs.gravitykit.com/article/470-filtering-by-entry-approval-status
https://docs.gravitykit.com/article/352-setting-up-social-sharing-seo
https://docs.gravitykit.com/article/525-multiple-forms-searching-entries
https://docs.gravitykit.com/article/635-getting-started-with-maps
https://docs.gravitykit.com/article/271-why-doesnt-my-datatables-sort-correctly
https://docs.gravitykit.com/article/237-how-to-change-the-star-rating-titles
https://docs.gravitykit.com/article/753-field-conditional-logic
https://docs.gravitykit.com/article/197-configuring-the-a-z-filters-widget
https://docs.gravitykit.com/article/459-removing-the-striped-background-from-datatables
https://docs.gravitykit.com/article/292-how-can-i-pull-the-address-from-a-field-type-that-is-not-address
https://docs.gravitykit.com/article/437-diy-laout-add-additional-container-tags
https://docs.gravitykit.com/article/332-i-cant-type-a-relative-date
https://docs.gravitykit.com/article/469-diy-layout-remove-the-back-link
https://docs.gravitykit.com/article/627-joining-multiple-forms
https://docs.gravitykit.com/article/495-map-marker-clustering
https://docs.gravitykit.com/article/712-responsive-datatables
https://docs.gravitykit.com/article/339-how-can-i-make-the-marker-link-to-open-in-a-new-tab
https://docs.gravitykit.com/article/652-customize-excel-file-name
https://docs.gravitykit.com/article/345-how-to-configure-info-boxes
https://docs.gravitykit.com/article/270-how-to-disable-the-table-state-saving
https://docs.gravitykit.com/article/710-datatables-buttons
https://docs.gravitykit.com/article/199-change-the-search-parameter-from-letter-to-something-else
https://docs.gravitykit.com/article/565-is-there-a-way-to-style-the-pdf-on-datatables
https://docs.gravitykit.com/article/722-multiple-forms-unions-are-not-supported
https://docs.gravitykit.com/article/379-why-arent-some-of-my-entries-showing-up-on-the-map
https://docs.gravitykit.com/article/711-datatables-scroller
https://docs.gravitykit.com/article/220-how-to-translate-the-datatables-script
https://docs.gravitykit.com/article/294-filter-the-address-field-gravityview-maps-marker-address
https://docs.gravitykit.com/article/639-premium-themes-and-the-maps-plugin
https://docs.gravitykit.com/article/569-multi-sorting-columns-datatables
https://docs.gravitykit.com/article/305-signing-up-for-a-mapquest-geocoding-api-key
https://docs.gravitykit.com/article/718-version-2-2
https://docs.gravitykit.com/article/677-advanced-filters-upgrade
https://docs.gravitykit.com/article/240-how-to-visually-highlight-featured-entries-in-the-recent-entries-widget
https://docs.gravitykit.com/article/775-field-conditional-logic-doesnt-hide-empty-fields
https://docs.gravitykit.com/article/582-the-text-inside-a-column-is-going-out-of-the-screen
https://docs.gravitykit.com/article/241-show-only-featured-entries-in-the-recent-entries-widget
https://docs.gravitykit.com/article/386-how-to-disable-email-notifications-for-reviews
https://docs.gravitykit.com/article/238-how-to-always-display-featured-entries-regardless-of-search-results
https://docs.gravitykit.com/article/747-display-the-view-title-dashboard-views
https://docs.gravitykit.com/article/492-markers-from-multiple-address-fields
https://docs.gravitykit.com/article/551-how-do-i-display-only-the-map-i-dont-want-to-display-the-entries-under-the-map
https://docs.gravitykit.com/article/699-datatables-views-cant-be-displayed-using-echo-doshortcode-functions
https://docs.gravitykit.com/article/643-is-it-possible-to-style-the-map
https://docs.gravitykit.com/article/642-exclude-fields-from-printing
https://docs.gravitykit.com/article/493-override-geocoding-coordinates
https://docs.gravitykit.com/article/865-changing-the-style-of-the-export-buttons-in-datatables
https://docs.gravitykit.com/article/821-enable-auto-update-datatables-setting
https://docs.gravitykit.com/article/725-setting-up-seo-for-views-with-yoast-seo
https://docs.gravitykit.com/article/835-getting-started-with-the-diy-layout
https://docs.gravitykit.com/article/557-radius-search
https://docs.gravitykit.com/article/665-datatables-sorting
https://docs.gravitykit.com/article/624-maps-autocomplete
https://docs.gravitykit.com/article/833-getting-started-with-the-advanced-filtering-extension
https://docs.gravitykit.com/article/532-my-map-is-gray-and-there-are-no-entry-markers
https://docs.gravitykit.com/article/774-known-limitations-of-the-responsive-table-mode-of-datatables
https://docs.gravitykit.com/article/806-filtered-results-are-not-showing
https://docs.gravitykit.com/article/834-getting-started-with-the-social-sharing-seo-extension
https://docs.gravitykit.com/article/870-this-page-cant-load-google-maps-correctly
https://docs.gravitykit.com/article/856-filtering-a-view-using-the-assignee-field-from-gravity-flow
https://docs.gravitykit.com/article/873-known-limitations-of-multiple-forms
https://docs.gravitykit.com/article/869-adding-your-google-maps-api-key-into-divi
https://docs.gravitykit.com/article/828-about-custom-map-icons-or-markers
https://docs.gravitykit.com/article/858-adding-your-google-maps-api-key-into-ultimate-addons-for-elementor
https://docs.gravitykit.com/article/889-associating-a-custom-map-pin-icon-marker-with-a-field-value
https://docs.gravitykit.com/article/874-creating-a-review-voting-system-by-embedding-a-form-into-a-single-entry
https://docs.gravitykit.com/article/903-adding-your-google-maps-api-key-into-premium-addons-for-elementor
https://docs.gravitykit.com/article/884-support-for-openstreetmap-or-other-map-providers
https://docs.gravitykit.com/article/911-why-im-seeing-duplicated-records-on-my-view
https://docs.gravitykit.com/article/913-showing-before-and-after-content-even-when-field-is-empty
https://docs.gravitykit.com/article/648-adding-custom-icons-to-maps
https://docs.gravitykit.com/article/704-what-to-do-if-datatables-is-not-loading
https://docs.gravitykit.com/article/302-your-gravityview-account
https://docs.gravitykit.com/article/54-hard-coding-your-license-key
https://docs.gravitykit.com/article/439-multisite-and-gravitykit-licenses
https://docs.gravitykit.com/article/347-upgrading-your-license
https://docs.gravitykit.com/article/443-refunds
https://docs.gravitykit.com/article/423-turning-off-auto-renew-subscriptions
https://docs.gravitykit.com/article/776-installing-standalone-plugins
https://docs.gravitykit.com/article/614-the-download-failed-unauthorized-message
https://docs.gravitykit.com/article/441-development-websites-and-gravitykit-licenses
https://docs.gravitykit.com/article/451-transferring-your-license
https://docs.gravitykit.com/article/455-invoice-information-is-incorrect
https://docs.gravitykit.com/article/454-downgrading-your-license
https://docs.gravitykit.com/article/587-downloading-your-invoice
https://docs.gravitykit.com/article/746-changing-information-on-your-invoice
https://docs.gravitykit.com/article/876-managing-your-licenses
https://docs.gravitykit.com/article/832-understanding-time-based-proration-for-license-upgrades
https://docs.gravitykit.com/article/877-installing-activating-and-updating-gravitykit-plugins
https://docs.gravitykit.com/article/879-grant-support-access
https://docs.gravitykit.com/article/878-settings
https://docs.gravitykit.com/article/535-discount-codes
https://docs.gravitykit.com/article/516-dos-and-donts
https://docs.gravitykit.com/article/512-every-response
https://docs.gravitykit.com/article/517-after-a-plugin-update
https://docs.gravitykit.com/article/515-using-the-right-words
https://docs.gravitykit.com/article/510-gravity-forms-ecosystem-solutions
https://docs.gravitykit.com/article/511-support-housekeeping
https://docs.gravitykit.com/article/507-introduction
https://docs.gravitykit.com/article/508-first-response
https://docs.gravitykit.com/article/513-other-support-resources
https://docs.gravitykit.com/article/572-creating-an-issue-in-github-from-a-ticket
https://docs.gravitykit.com/article/696-unsubscribe-churnbuster
https://docs.gravitykit.com/article/514-tone-guide
https://docs.gravitykit.com/article/343-logins
https://docs.gravitykit.com/article/266-branching-model
https://docs.gravitykit.com/article/209-formatting-articles
https://docs.gravitykit.com/article/282-how-to-fix-no-purchase-data-found
https://docs.gravitykit.com/article/383-refunds
https://docs.gravitykit.com/article/264-version-point-release
https://docs.gravitykit.com/article/268-new-issues
https://docs.gravitykit.com/article/574-how-to-update-the-email-for-a-customer
https://docs.gravitykit.com/article/265-version-major-release
https://docs.gravitykit.com/article/573-how-to-transfer-the-license-to-another-person
https://docs.gravitykit.com/article/727-how-to-create-an-invoice-for-users
https://docs.gravitykit.com/article/444-what-to-do-if-after-refunding-a-customer-their-license-stops-working
https://docs.gravitykit.com/article/477-refunding-automatic-renewals
https://docs.gravitykit.com/article/452-request-login
https://docs.gravitykit.com/article/269-labels
https://docs.gravitykit.com/article/467-how-to-update-a-plugin
https://docs.gravitykit.com/article/519-acronyms-we-use-internally
https://docs.gravitykit.com/article/694-reminders-in-slack
https://docs.gravitykit.com/article/267-pull-requests
https://docs.gravitykit.com/article/394-splitting-conversations
https://docs.gravitykit.com/article/450-customer-browser-information
https://docs.gravitykit.com/article/348-adding-category-descriptions
https://docs.gravitykit.com/article/497-how-to-get-an-upgrade-link-for-a-purchase
https://docs.gravitykit.com/article/576-customer-sees-you-have-no-licenses-assigned-to-your-account
https://docs.gravitykit.com/article/579-how-to-enable-chat-in-help-scout
https://docs.gravitykit.com/article/661-if-a-payment-is-stuck-as-pending
https://docs.gravitykit.com/article/616-debugging-sorting
https://docs.gravitykit.com/article/703-pausing-subscriptions-in-stripe
https://docs.gravitykit.com/article/346-how-to-see-the-inline-edit-article-link
https://docs.gravitykit.com/article/425-when-emails-bounce
https://docs.gravitykit.com/article/708-setting-up-2fa
https://docs.gravitykit.com/article/897-payment-by-wire-transfer
https://docs.gravitykit.com/article/354-renewing-the-lets-encrypt-certs
https://docs.gravitykit.com/article/896-w9
https://docs.gravitykit.com/article/810-pretty-add-to-cart-links
https://docs.gravitykit.com/article/862-plugin-deps-and-requirements
https://docs.gravitykit.com/article/910-how-to-manually-create-orders
https://docs.gravitykit.com/article/916-the-dropbox-gravitykit-com-subdomain
